<?xml version="1.0" encoding="UTF-8"?>
<project-private xmlns="http://www.netbeans.org/ns/project-private/1">
    <editor-bookmarks xmlns="http://www.netbeans.org/ns/editor-bookmarks/2" lastBookmarkId="0"/>
    <open-files xmlns="http://www.netbeans.org/ns/projectui-open-files/2">
        <group>
            <file>file:/C:/Users/gjmorama/Desktop/Development%20Plans/Makers/Edison%20Web/Light-Temp_WEB/js/main.js</file>
            <file>file:/C:/Users/gjmorama/Desktop/Development%20Plans/Makers/Edison%20Web/Light-Temp_WEB/index.html</file>
        </group>
    </open-files>
</project-private>
